time,ax (m/s^2),ay (m/s^2),az (m/s^2),aT (m/s^2)
0.004937,0.1130,-0.0019,-1.9467,1.950
0.012080,-0.1523,0.1570,-1.8084,1.822
0.027054,-0.4290,0.2438,-0.6115,0.786
0.046144,-0.2928,-0.0979,0.8952,0.947
0.065901,0.0428,-0.2586,1.2380,1.265
0.082456,0.2012,-0.2515,0.9061,0.962
0.102997,0.0513,-0.0567,0.2209,0.234
0.123918,-0.1162,-0.0298,-0.3209,0.343
0.144503,-0.1055,-0.2255,-0.1433,0.287
0.163776,-0.1146,-0.2007,0.1485,0.275
0.184454,-0.1272,-0.1267,0.1505,0.234
0.204670,-0.0198,-0.0082,0.3144,0.315
0.225048,0.0614,0.0797,0.7741,0.781
0.245312,0.0076,-0.0360,0.7213,0.722
0.265399,-0.0094,-0.2668,0.3726,0.458
0.285210,0.0748,0.0535,0.0056,0.092
0.305570,0.0599,0.0620,-0.0573,0.104
0.336643,0.0761,-0.2458,0.1002,0.276
0.346554,0.0812,-0.3613,0.0066,0.370
0.366583,-0.0218,-0.1142,-0.1547,0.193
0.387095,-0.3496,-0.0984,-0.3593,0.511
0.407299,-0.4311,-0.2637,-0.6449,0.819
0.430990,-0.4812,-0.7120,-1.0538,1.360
0.447496,-0.7011,-0.7837,-1.1040,1.525
0.469367,-0.5360,-1.1279,-1.2237,1.748
0.488921,-0.2663,-1.2202,-1.1518,1.699
0.509128,0.3993,-1.2583,-1.0533,1.689
0.533146,1.2976,-1.7777,-0.1013,2.203
0.549242,1.5666,-1.3411,0.3698,2.095
0.569663,0.7600,-1.0350,0.7787,1.502
0.590110,-0.2016,-1.3728,0.3782,1.438
0.610382,0.2035,-0.7759,-0.2819,0.850
0.633562,0.2282,-0.4130,-0.6428,0.797
0.650595,-0.1873,0.1626,-0.0389,0.251
0.672128,-0.9565,-0.0934,0.6586,1.165
0.692403,-1.4827,-0.7575,0.7151,1.812
0.712544,-1.9551,-0.8719,0.1199,2.144
0.742899,-0.6621,0.0823,0.3842,0.770
0.764307,-1.4541,0.3685,1.4833,2.110
0.773285,-1.7549,0.0760,1.5380,2.335
0.793142,-1.7679,-0.6845,0.8611,2.082
0.813443,-1.9627,-0.4067,0.1647,2.011
0.844159,-2.5857,1.1117,1.6646,3.270
0.859132,-2.9884,0.4229,2.2896,3.788
0.874271,-2.3834,-0.1843,2.7019,3.608
0.894630,-1.1111,-0.5224,2.8365,3.091
0.914998,-0.4250,0.5501,2.8437,2.927
0.935424,0.1192,1.5777,4.4419,4.715
0.955392,0.9553,1.5171,5.2501,5.548
0.975610,0.3033,1.0462,3.8494,4.001
0.996183,0.1598,0.1366,1.2697,1.287
1.016223,-0.5958,-0.5413,-0.4924,0.944
1.036470,0.4130,-0.9581,-1.6528,1.955
1.062801,-1.0037,0.0306,0.0835,1.008
1.076570,-3.2064,0.6732,0.2248,3.284
1.097630,-1.5863,0.9575,-1.2211,2.219
1.118087,2.8577,0.8713,-1.5333,3.358
1.138150,4.6439,-0.6108,-1.3471,4.874
1.162789,5.3618,-0.7229,-1.1373,5.529
1.181916,3.4351,0.7472,0.6047,3.567
1.199594,1.7966,1.1128,0.8920,2.294
1.219105,1.8361,0.7714,0.0542,1.992
1.239578,0.8377,0.1100,-0.7987,1.163
1.263355,1.1432,0.9884,-0.0975,1.514
1.283172,-0.5430,-1.1348,-0.7531,1.466
1.300170,-2.1744,-1.7994,-1.5401,3.215
1.320555,-1.6127,0.5756,-0.2501,1.730
1.340919,-0.1603,1.8220,0.4569,1.885
1.363095,0.9436,2.5588,0.9047,2.873
1.384928,1.1735,-0.8304,-0.7658,1.629
1.401615,1.2258,-2.2983,-1.6804,3.100
1.421863,0.2600,-0.6471,-1.0908,1.295
1.442130,0.2730,1.7614,0.2977,1.807
1.462646,0.4372,-0.3023,0.4736,0.712
1.482248,-0.4470,-2.1505,-0.5151,2.256
1.502692,-1.0132,-1.9077,-0.4696,2.211
1.522934,-0.3240,-1.4474,-0.5487,1.582
1.543141,0.2589,-1.8319,-0.0573,1.851
1.576962,0.2186,-1.0371,-0.3797,1.126
1.593382,-0.7487,-2.5457,-0.1281,2.657
1.604419,-1.2623,-3.1022,-0.3246,3.365
1.624083,-1.5782,-3.6175,-0.1288,3.949
1.644729,0.3556,1.0677,-0.4341,1.206
1.664683,0.9672,2.0436,-0.6960,2.366
1.688285,0.9775,0.8457,-0.2521,1.317
1.704881,0.2659,-1.4134,-0.2979,1.469
1.725674,-0.9727,-2.5369,0.1830,2.723
1.745969,0.1628,-0.5908,0.2868,0.677
1.765817,0.0483,-0.0556,-0.4924,0.498
1.787804,-0.0842,0.4194,-0.3037,0.525
1.806597,-0.6369,0.3499,-0.2993,0.786
1.826558,-0.2557,0.1552,0.0271,0.300
1.847418,0.6121,-0.0182,0.1029,0.621
1.866817,0.9218,-0.2719,-0.1409,0.971
1.887519,0.8098,-0.4844,-0.2088,0.966
1.908014,-1.0696,0.6655,-0.2663,1.288
1.927834,0.7002,1.8971,-0.1411,2.027
1.948578,1.0317,1.9847,-0.2410,2.250
1.968259,0.4173,0.9741,-0.4099,1.136
1.988835,0.0410,-0.5633,-0.2474,0.617
2.009269,-0.0530,-0.7267,0.0611,0.731
2.028963,0.5596,0.8876,0.2165,1.071
2.049812,1.3162,1.4146,0.0530,1.933
2.070213,0.5911,1.5280,-0.0318,1.639
2.098338,0.3550,0.7198,-0.4740,0.932
2.112450,0.2839,0.1003,-0.4740,0.562
2.130464,0.3186,0.2463,0.1191,0.420
2.150372,1.6115,1.5997,0.1021,2.273
2.171205,0.9649,0.9282,-1.1055,1.736
2.198189,0.3599,1.3083,0.1595,1.366
2.212772,-0.9935,-0.2240,0.1848,1.035
2.231856,-4.0861,-5.9612,0.0198,7.227
2.251602,-3.6470,-9.0957,-0.4804,9.811
2.272199,0.8105,-6.9744,-0.0659,7.022
2.294684,2.6360,4.4732,1.2875,5.349
2.312447,-1.8655,-2.3618,-0.5410,3.058
2.333065,0.8998,-1.0028,-0.4873,1.433
2.352677,0.6787,-1.0333,0.1873,1.250
2.373465,-0.2285,-1.1395,0.7028,1.358
2.406228,0.5199,0.5923,0.2952,0.842
2.423865,-0.5216,0.3078,-0.1284,0.619
2.436915,-1.1663,0.0051,-0.2244,1.188
2.454043,-1.2835,-0.2213,-0.0292,1.303
2.473930,-1.1094,-0.1778,0.2172,1.144
2.494124,-0.2831,-0.3173,0.1929,0.467
2.516779,0.2697,-0.2201,0.1046,0.363
2.534279,0.3325,-0.4149,0.1262,0.546
2.555347,-0.0295,-0.7270,0.6760,0.993
2.575736,-0.0114,-0.5003,0.9163,1.044
2.595466,-0.1306,0.1120,0.7575,0.777
2.620404,-0.6755,0.0642,0.2353,0.718
2.635834,0.1435,-0.0699,-0.2129,0.266
2.656421,-0.0948,-0.1003,-0.2292,0.268
2.677714,-0.3309,0.1010,-0.0347,0.348
2.697087,-0.1695,-0.2613,0.1471,0.345
2.720437,0.0190,-0.6297,0.3452,0.718
2.737398,0.4507,-0.2485,0.2017,0.553
2.757958,0.7318,-0.0547,0.1303,0.745
2.779259,0.7148,-0.3045,-0.1228,0.787
2.799298,0.3293,-0.4199,-0.4185,0.678
2.819467,-0.2264,-0.1767,-0.9049,0.949
2.839896,-0.6208,0.1514,-1.4037,1.542
2.859411,-0.9837,-0.1941,-1.6512,1.932
2.880333,-1.4320,-0.8571,-1.8038,2.457
2.899860,-1.9177,-0.8586,-1.8868,2.824
2.920730,-2.0293,-0.0780,-1.4924,2.520
2.940624,-0.3759,-0.1179,0.0508,0.397
2.961882,1.1704,-0.5606,1.9659,2.356
2.981351,1.3506,-0.4239,1.3219,1.937
3.002046,0.0210,-0.0630,-0.1418,0.157
3.027554,-1.5364,0.2100,0.2792,1.576
3.044368,-1.9953,0.1238,0.7590,2.138
3.062431,-2.0586,0.0963,0.6801,2.170
3.082770,-1.1484,0.2312,0.8770,1.463
3.104337,-0.3411,0.1085,0.4975,0.613
3.129565,-0.8542,-0.0599,-0.0533,0.858
3.145415,-1.5780,0.1121,-0.0577,1.583
3.163489,-1.7151,0.1964,0.4115,1.775
3.183528,-1.1307,-0.2380,0.8876,1.457
3.203701,-0.1766,-1.0384,0.8596,1.360
3.227669,0.5227,-0.7976,-0.7653,1.223
3.244171,1.0720,-0.7059,-1.1280,1.709
3.265391,1.4218,-1.0935,-1.3758,2.261
3.284900,-0.2459,-2.2470,-1.7985,2.889
3.305122,-0.6034,-3.4272,-0.7946,3.569
3.325680,0.1437,-3.4575,1.0505,3.616
3.349869,0.2235,-4.0468,0.2101,4.058
3.366077,0.0271,-3.9157,0.3600,3.932
3.386694,-0.7456,-2.7484,0.8094,2.960
3.407113,-1.4826,-1.7710,1.5288,2.770
3.427361,-2.2642,-2.0512,2.5736,3.995
3.450364,-2.7810,-1.5216,2.2861,3.908
3.475389,-3.2347,-1.1490,0.7572,3.515
3.488338,-2.8117,-1.5713,-0.3558,3.241
3.508695,-1.5532,-1.9907,-0.6923,2.618
3.528966,-0.0539,-2.2386,0.1449,2.244
3.549981,1.5300,-2.5235,0.8882,3.082
3.575613,2.2060,-2.9054,0.7614,3.727
3.590102,2.1382,-2.5508,0.3992,3.352
3.610381,1.1736,-2.1214,-0.1848,2.431
3.630181,0.8989,-1.4390,-0.7496,1.855
3.651195,0.9216,-0.5183,-1.0635,1.500
3.675965,0.9051,0.3626,-1.4143,1.718
3.691838,1.1748,0.9341,-1.8919,2.415
3.711369,1.4188,1.6997,-2.4487,3.301
3.731625,0.9984,2.2711,-1.5807,2.942
3.752223,0.6428,1.8936,-0.9929,2.233
3.772026,1.8122,1.2252,-1.2163,2.503
3.792349,2.8797,0.7624,-1.2282,3.222
3.812492,3.0692,1.0585,-0.9180,3.374
3.832954,3.0454,0.8327,-0.6004,3.214
3.860864,3.3909,-0.4309,-0.2151,3.425
3.890998,3.9660,-0.9856,0.2918,4.097
3.902575,3.9915,-0.4371,0.4640,4.042
3.913841,4.0684,0.6521,0.5605,4.158
3.933986,3.7251,2.4513,0.0137,4.459
3.960312,2.7124,3.6134,-1.4785,4.754
3.974216,2.2335,3.6282,-1.2586,4.443
3.994759,-0.4048,2.6559,-0.8331,2.813
4.015800,0.9761,1.3772,-2.3399,2.885
4.035200,2.9680,-3.9869,4.5412,6.732
4.055448,2.4613,-13.2333,-2.5937,13.708
4.082516,-2.3379,-6.4646,-1.4860,7.033
4.095445,-1.9496,-2.6970,-1.7402,3.755
4.115987,0.1214,-1.2941,-1.0197,1.652
4.136191,0.6858,-1.9679,-0.3146,2.108
4.156215,0.1684,-1.5001,-0.1245,1.515
4.182406,0.4940,-1.7365,-0.2770,1.827
4.196416,0.5580,-1.7712,-0.2927,1.880
4.217384,0.8388,-1.1602,-0.6930,1.591
4.237516,1.2756,-0.2770,-1.0330,1.665
4.257562,1.4032,0.5392,-1.2205,1.936
4.282540,1.0419,1.0168,-1.2306,1.906
4.302591,-0.0199,0.4537,-0.9388,1.043
4.318010,-1.1524,0.0588,-0.5891,1.296
4.338405,-2.3980,0.1462,-0.2127,2.412
4.358875,-2.4676,1.0825,0.2120,2.703
4.382415,-2.0009,1.9277,-0.0807,2.780
4.398887,-1.1420,1.8341,-0.4023,2.198
4.420134,-0.3019,1.0760,-0.1368,1.126
4.440330,0.4900,0.4858,1.8320,1.958
4.460316,0.2471,0.6822,1.7786,1.921
4.482562,-0.2592,0.7377,0.7886,1.111
4.502002,-0.4946,0.3744,0.8638,1.063
4.520866,-1.1248,-0.2017,1.0883,1.578
4.541300,-1.5191,-0.0341,0.4091,1.574
4.561614,-1.6034,0.2008,0.5472,1.706
4.582137,-1.7018,-0.0890,0.5462,1.790
4.601467,-2.2214,-1.7345,0.7250,2.910
4.621951,-1.5795,-2.8157,0.5003,3.267
4.642412,-0.4841,-3.0280,0.1815,3.072
4.662497,0.2308,-2.9428,-0.7814,3.054
4.693004,1.9452,-6.4396,-0.8114,6.776
4.714389,1.5595,-5.1027,1.4554,5.531
4.725146,0.6295,-3.4441,2.4768,4.289
4.744089,-1.1428,-2.2921,2.7872,3.785
4.763519,-2.2561,-1.7761,2.4108,3.749
4.784134,-2.8228,-1.7083,1.9944,3.855
4.804225,-3.4998,-1.7312,1.2962,4.114
4.824632,-3.7320,-1.4554,-0.2463,4.013
4.844824,-3.0609,-1.2993,-0.9014,3.445
4.865823,-1.5916,-1.2601,-0.2792,2.049
4.885248,0.1109,-1.7362,0.3563,1.776
4.907100,1.4907,-2.8375,-0.6917,3.279
4.926438,1.7969,-3.3929,-1.3091,4.056
4.946507,2.4621,-1.9100,0.0444,3.116
4.966458,3.3745,-0.1698,0.0920,3.380
4.987401,2.8242,0.9437,-0.4707,3.015
5.007643,2.9691,1.7921,-1.2850,3.698
5.027902,2.7878,2.1541,-1.4773,3.820
5.047448,2.7175,1.8138,-0.8409,3.374
5.067942,3.3298,1.1185,-0.5766,3.560
5.088407,3.6825,0.7963,-0.9252,3.880
5.115044,4.1071,0.8001,-1.0766,4.321
5.133267,4.3499,0.8505,-1.1813,4.587
5.149094,4.6522,0.6290,-1.4872,4.924
5.169823,4.6692,0.6462,-1.8267,5.055
5.189423,3.6794,1.3010,-1.3361,4.125
5.215085,1.9891,3.0738,-1.1747,3.845
5.229582,0.6672,3.9076,0.2178,3.970
5.251262,-0.8356,3.2586,-1.8258,3.828
5.271587,5.7463,1.9350,-2.0456,6.399
5.291652,4.3178,-5.5150,3.5575,7.856
5.318301,-2.5274,-16.1629,-1.8873,16.468
5.335535,-4.7104,-8.2885,-0.8384,9.570
5.352915,-1.0306,-0.3012,-0.1093,1.079
5.373274,1.9687,0.7899,-0.4344,2.165
5.393618,2.7565,0.4323,-0.9204,2.938
5.414505,1.3192,-0.8478,-1.0021,1.861
5.436512,-0.1523,-3.5627,-1.1935,3.760
5.453670,-0.4366,-4.1866,-1.2098,4.380
5.474306,0.2537,-1.9728,-1.2407,2.344
5.495021,0.4602,-0.2393,-1.1635,1.274
5.525715,0.8088,0.7201,-1.1516,1.581
5.534566,0.8698,0.4915,-1.0387,1.441
5.555126,0.5902,-0.2976,-0.8412,1.070
5.575433,-0.4661,-0.8564,-0.7174,1.210
5.596523,-1.0659,-0.0287,-0.7659,1.313
5.616982,-0.9838,1.2302,-1.1482,1.949
5.636195,-1.2857,1.5911,-1.6152,2.606
5.657282,-1.5538,1.1931,-0.5146,2.026
5.678008,-1.3842,0.8160,1.6405,2.296
5.698132,-0.3323,0.6917,2.0446,2.184
5.718138,0.8221,0.8554,1.6920,2.066
5.737559,1.3607,0.9038,1.0637,1.949
5.758573,0.6190,0.6809,0.9301,1.308
5.778250,-1.0142,0.0702,0.6017,1.181
5.799220,-2.0402,0.0596,0.6717,2.149
5.818694,-1.9686,0.4012,0.7926,2.160
5.839948,-1.3083,0.2636,0.9640,1.646
5.859076,-0.9564,-0.5086,0.7523,1.319
5.879719,-0.8403,-1.3799,0.3432,1.652
5.900619,-0.1853,-1.6653,-0.7135,1.821
5.920564,0.2088,-2.2608,-0.6673,2.366
5.947026,1.2070,-3.6880,0.1086,3.882
5.960865,1.2268,-5.1545,1.0360,5.399
5.982338,-0.0613,-6.8198,1.4077,6.964
6.002691,-1.5162,-4.3866,2.3440,5.200
6.023528,-3.0809,-3.0831,3.1554,5.381
6.047542,-3.3796,-2.1813,2.3534,4.660
6.063737,-3.4421,-1.8007,1.3331,4.107
6.083862,-3.3213,-1.6941,0.0829,3.729
6.104116,-2.8704,-1.7303,-0.9088,3.473
6.125160,-2.2157,-1.9731,-1.0865,3.160
6.146873,-0.8880,-2.1380,-0.4774,2.364
6.166312,0.5562,-2.2431,-0.6618,2.404
6.187942,1.5771,-2.5028,-1.4580,3.298
6.207841,2.4638,-3.1654,-1.7911,4.393
6.228404,3.9791,-1.7177,-0.5345,4.367
6.250111,4.5738,-0.1719,-0.9126,4.667
6.268580,3.9649,0.8551,-1.5229,4.333
6.289540,3.6355,1.7228,-1.0693,4.163
6.309844,3.7707,2.1655,-0.7578,4.414
6.329669,3.8863,2.4239,-1.0018,4.689
6.358199,4.1466,1.8233,-0.7942,4.599
6.371258,4.2385,1.5835,-0.9515,4.624
6.390516,4.6223,1.3785,-1.2497,4.983
6.410686,5.0964,1.3832,-1.4926,5.488
6.431512,4.9676,1.6734,-1.7324,5.521
6.458601,3.4607,2.3038,-1.8572,4.553
6.473550,2.6354,2.8657,-1.4500,4.155
6.492085,2.2764,3.1003,-0.5003,3.879
6.512859,-1.1946,2.4619,-1.7504,3.248
6.532445,3.0038,1.0946,-2.3920,3.993
6.560142,0.6441,-11.7674,0.2344,11.787
6.573272,-3.2443,-16.0899,-0.7570,16.431
6.594179,-3.4814,-6.3039,-1.0464,7.277
6.614170,0.5392,0.3941,-0.8831,1.107
6.633752,2.9094,0.4026,-0.9187,3.077
6.655047,2.8967,-0.3172,-1.5012,3.278
6.678628,1.1617,-1.4647,-1.3750,2.321
6.694658,-0.1498,-2.8203,-0.9793,2.989
6.716138,-0.5359,-3.2308,-0.4896,3.311
6.735408,-0.7436,-2.3310,-0.6160,2.523
6.756077,-1.0870,-1.0259,-0.5226,1.583
6.777583,-0.7150,0.4182,-0.4983,0.967
6.796950,0.0389,1.1287,-0.6386,1.297
6.817015,0.5330,0.7875,-1.0050,1.384
6.836805,0.4926,-0.2897,-1.2937,1.414
6.857361,0.4112,-0.5889,-1.3382,1.519
6.880109,0.7708,0.5729,-0.6620,1.166
6.898255,-0.3976,1.0605,2.5312,2.773
6.918281,-1.2154,1.2665,3.9052,4.282
6.938118,-2.0355,1.4225,0.1233,2.486
6.958362,-1.0609,1.8466,-0.3896,2.165
6.979390,0.0010,1.7510,1.6151,2.382
6.999157,0.2987,1.2661,1.7280,2.163
7.019703,-0.6349,0.5453,0.9932,1.299
7.039235,-2.1658,-0.5111,1.3939,2.626
7.059694,-3.1531,-0.6372,0.8013,3.315
7.079825,-3.0472,0.1063,1.3622,3.340
7.099831,-3.8193,-0.4680,0.8802,3.947
7.121766,-2.7849,-1.0483,-0.1260,2.978
7.141271,-0.3765,-2.6307,-0.6653,2.740
7.161668,1.2481,-3.8928,-1.6120,4.394
7.192655,1.9190,-6.6078,1.0557,6.961
7.219061,0.0015,-6.6153,2.9591,7.247
7.232297,-0.8542,-4.4370,3.6848,5.830
7.243634,-1.8113,-2.8928,3.8957,5.179
7.263451,-2.7685,-1.6533,3.0725,4.454
7.290371,-3.6102,-1.4810,0.9618,4.019
7.313545,-3.2431,-1.8260,-0.2576,3.731
7.323707,-2.7700,-1.7161,-0.3921,3.282
7.344274,-2.0315,-1.5599,-0.6652,2.646
7.364306,-1.2170,-1.5869,-0.5787,2.082
7.393597,0.6758,-2.1098,-0.0390,2.216
7.412296,1.5552,-2.3817,-1.2269,3.098
7.425318,1.8080,-2.3800,-1.6764,3.427
7.445580,2.3111,-1.7000,-1.0458,3.054
7.465450,2.2730,-0.5621,-0.0945,2.343
7.486631,2.6326,-0.0093,-0.2324,2.643
7.515020,3.7313,1.4457,-1.0613,4.140
7.534552,3.8806,2.4011,-0.7829,4.630
7.546737,3.9102,2.7620,-0.8742,4.866
7.567235,4.1730,2.6960,-0.9523,5.059
7.587458,4.2563,2.3352,-0.7165,4.907
7.615985,4.6795,1.8951,-0.9173,5.131
7.634756,5.3620,1.7131,-1.0796,5.732
7.648168,5.4880,1.8062,-1.1459,5.890
7.668472,5.0022,2.7682,-1.9415,6.038
7.688808,3.5168,3.8132,-2.6897,5.843
7.715233,2.3174,4.0075,-1.0117,4.739
7.736806,-0.5873,2.1267,-0.4103,2.244
7.750112,2.0091,-0.0402,-2.0567,2.875
7.770519,0.2327,-10.9162,4.6744,11.877
7.790159,-5.1838,-17.3075,-0.2403,18.069
7.815617,-0.7784,-0.8802,-0.0207,1.175
7.836215,2.3331,1.3454,-0.2385,2.704
7.850734,3.4862,1.0551,-0.8291,3.736
7.871943,3.1424,-0.0786,-1.6310,3.541
7.891490,1.0645,-2.7925,-2.3486,3.801
7.915525,-0.3127,-5.2686,-2.3306,5.770
7.931855,0.0031,-3.0580,-1.5987,3.451
7.952282,-0.1409,-0.6184,-1.1370,1.302
7.973141,-0.9741,0.0953,-0.8511,1.297
7.993089,-0.8122,0.5475,-0.2899,1.021
8.025715,0.2764,0.2434,-0.3792,0.529
8.048202,0.3877,0.0363,-0.3421,0.518
8.053437,0.4565,0.1077,-0.2876,0.550
8.073806,0.8876,0.8479,0.0691,1.229
8.093972,0.5287,1.4368,0.9807,1.818
8.123042,-0.9888,1.7243,2.3205,3.055
8.140574,-1.8545,1.5698,0.3300,2.452
8.155195,-1.7479,1.5400,-0.4481,2.372
8.175742,-0.6351,1.3357,1.0806,1.832
8.195454,0.2701,0.8007,1.9276,2.105
8.215428,0.2505,0.4100,1.0962,1.197
8.237684,-1.2021,-0.4958,1.1538,1.738
8.255975,-2.8341,-0.9509,0.8407,3.105
8.276692,-3.9035,-0.3662,0.3671,3.938
8.297457,-2.7296,0.4517,0.5207,2.815
8.317055,-1.0462,0.0959,0.3333,1.102
8.337934,-0.3157,-1.6111,-1.1324,1.994
8.357488,-1.6905,-3.9084,-1.4806,4.508
8.378306,0.5595,-3.3261,0.0643,3.373
8.399709,-0.8800,-4.6948,1.5425,5.019
8.419047,-1.1144,-5.7508,1.1380,5.967
8.445065,-0.8877,-3.0538,2.4558,4.018
8.471524,-1.4411,-2.3328,2.8035,3.921
8.480588,-1.4496,-2.2732,2.6022,3.747
8.500024,-1.7776,-2.6123,2.0526,3.768
8.520666,-2.0268,-2.4556,0.6701,3.254
8.547906,-1.9221,-1.5993,-0.1489,2.505
8.567507,-2.2877,-1.7446,0.0764,2.878
8.581461,-2.8939,-2.2044,1.0899,3.798
8.601247,-2.2304,-2.7804,1.4598,3.852
8.621599,-0.0140,-2.7579,-0.0922,2.759
8.648665,2.6674,-2.0729,-0.4341,3.406
8.662522,4.0039,-1.4286,-0.7772,4.322
8.682811,4.6085,-0.4542,-1.3719,4.830
8.703221,4.4352,0.5648,-1.1521,4.617
8.723306,4.7475,1.6910,-0.5301,5.068
8.745314,4.8158,2.6639,-1.0517,5.603
8.766970,3.4953,3.2412,-0.9307,4.857
8.783811,3.1349,3.0334,-0.6680,4.413
8.803797,3.7431,2.8889,-0.7991,4.795
8.824735,4.5598,2.3900,-1.1285,5.270
8.858166,5.1196,2.0192,-2.1185,5.897
8.880862,4.0574,2.6870,-2.3468,5.403
8.885314,3.8943,2.7523,-2.2936,5.292
8.905670,2.8260,3.6578,-1.7127,4.929
8.925405,3.2925,4.1924,-0.4513,5.350
8.958188,-4.5006,1.2831,-2.2920,5.211
8.975309,-0.9105,-4.7022,1.9316,5.164
8.986356,-0.5794,-12.2553,6.7685,14.012
9.006967,-2.9318,-18.0217,-1.9464,18.362
9.026539,0.0665,-2.7280,-0.3850,2.756
9.047355,2.5165,2.0369,-0.6860,3.309
9.067252,2.9242,1.5408,-0.4809,3.340
9.088434,1.9767,-0.5789,-0.7674,2.198
9.109216,0.2309,-4.6654,-1.0762,4.793
9.129687,-0.0174,-5.3462,-0.9486,5.430
9.149292,0.8109,-2.0470,-0.3667,2.232
9.169785,0.7317,0.2566,-0.4193,0.881
9.189478,-0.1025,0.4625,-0.6744,0.824
9.209941,-1.0327,0.2300,-1.0098,1.463
9.230655,-1.2531,0.2731,-1.5606,2.020
9.250805,-1.1319,0.2978,-1.5394,1.934
9.280933,-0.1823,0.2339,-0.3548,0.462
9.303923,0.3230,0.9578,0.6252,1.189
9.311716,0.1041,1.1027,0.9153,1.437
9.332199,-0.3033,1.4372,1.9941,2.477
9.352403,-1.0137,1.6155,1.2399,2.275
9.380429,-0.3022,1.1824,0.2301,1.242
9.404454,1.2029,1.1206,1.7715,2.417
9.413099,0.8538,0.9610,1.9656,2.349
9.433491,-0.1088,0.5973,1.7634,1.865
9.453726,-1.6352,0.2244,1.5154,2.241
9.480943,-3.9599,-0.7034,1.2198,4.203
9.494484,-3.9995,-0.4081,0.8730,4.114
9.514793,-2.6607,0.5672,0.7229,2.815
9.535339,-0.1200,0.0892,0.6730,0.689
9.555738,0.3545,-4.0085,0.0591,4.025
9.577569,0.5536,-7.9311,-0.2040,7.953
9.602947,-0.9706,-4.9206,1.7337,5.307
9.616331,-1.5964,-4.5735,1.7834,5.162
9.636508,-1.1676,-2.7289,3.1608,4.336
9.656694,-0.7877,-1.7622,3.6249,4.107
9.691275,-2.8779,-1.9829,0.6937,3.563
9.717801,-4.3620,-1.0103,0.1513,4.480
9.718307,-4.3620,-1.0103,0.1513,4.480
9.737959,-4.9196,-0.2056,0.0431,4.924
9.757687,-3.9419,-0.7177,0.4750,4.035
9.790449,1.8241,-2.7914,0.6516,3.398
9.812921,6.2111,-2.8221,-0.6019,6.849
9.819272,7.1141,-2.4503,-1.3765,7.649
9.838979,7.1466,-1.4202,-3.1326,7.931
9.858447,4.7779,-0.9142,-2.9488,5.689
9.878960,1.0753,-0.1511,1.1494,1.581
9.903001,4.0729,1.8713,-1.2518,4.654
9.919383,4.9932,2.9626,-1.3388,5.958
9.940392,4.9194,3.9491,-0.8604,6.367
9.960810,4.4678,4.8197,-0.8161,6.622
9.981367,4.0192,4.9429,-0.8429,6.426
10.001702,4.1754,4.8568,-0.7123,6.444
10.022484,4.6063,4.2882,-0.6245,6.324
10.042236,5.2341,3.4658,-0.6332,6.309
10.061925,5.0645,1.9431,-0.3015,5.433
10.082092,2.1999,-0.3954,1.6158,2.758
10.103480,-5.8768,-4.9174,3.9973,8.643
10.124838,-11.3931,-4.5646,-0.5443,12.286
10.143613,-7.1504,-0.2046,-3.1126,7.801
10.163422,-3.6786,-0.5001,-2.2215,4.326
10.184058,-2.0860,-6.7181,0.8611,7.087
10.209502,4.1784,-5.0042,6.7499,9.384
10.237117,6.6655,3.3748,1.4159,7.604
10.244747,6.9563,3.9135,0.3889,7.991
10.265163,7.2190,3.0163,-1.4487,7.957
10.285272,6.1245,-0.0792,-4.2052,7.430
10.313081,-0.3152,-2.5797,-3.0896,4.037
10.335495,-3.0001,-2.0086,-1.7806,4.026
10.346566,-3.7060,-0.8370,-1.0547,3.943
10.366050,-4.7520,0.5035,0.0725,4.779
10.386717,-5.2760,1.1025,1.4833,5.590
10.412718,-2.6139,1.7425,0.3955,3.166
10.426973,-0.7866,1.6802,-0.9819,2.099
10.447414,1.0917,0.9414,-2.2186,2.646
10.468265,1.7155,0.1688,-1.8016,2.493
10.488522,0.4997,-0.3065,-0.7912,0.985
10.511316,-0.6527,-0.0010,1.1938,1.361
10.528556,-0.0615,0.3078,2.4693,2.489
10.549263,0.4600,0.2719,2.0310,2.100
10.569720,0.2181,-0.2861,0.5936,0.694
10.589693,-0.0462,-0.4886,0.2957,0.573
10.622483,-1.9564,0.0227,2.1834,2.932
10.648656,-4.2716,0.0373,0.4853,4.299
10.663741,-4.7822,0.1747,-0.4328,4.805
10.673303,-4.6468,-0.0250,-1.0387,4.762
10.691170,-4.7427,-1.2669,-1.1087,5.033
10.711090,-5.1935,-4.3266,-0.4663,6.776
10.734950,-3.3485,-3.3927,5.2458,7.088
10.761017,-2.7476,-3.5664,5.8189,7.357
10.774287,-1.2680,-2.8012,3.4876,4.649
10.792449,-0.1131,-1.5749,0.9500,1.843
10.812958,0.6580,-2.9406,-1.4226,3.332
10.832428,3.0995,-5.2246,-2.3384,6.509
10.857565,4.6664,-4.4331,-1.9119,6.714
10.873543,3.4043,-2.1401,-1.8078,4.409
10.893178,2.4721,0.8247,-2.6046,3.684
10.914151,0.6175,1.5555,-2.4806,2.992
10.934405,-1.1871,0.9628,-0.4152,1.584
10.954628,0.6618,0.4812,-0.6924,1.072
10.974240,1.4227,0.0480,-0.2462,1.445
10.994669,2.3926,-0.0866,0.3229,2.416
11.015381,3.4975,0.5556,-0.1870,3.546
11.044817,5.7804,1.7565,-1.4928,6.223
11.069379,6.2993,2.2169,-1.7910,6.914
11.075518,6.3157,2.2655,-1.7418,6.932
11.095995,6.0716,2.4894,-1.3384,6.697
11.116570,5.3790,2.5997,-1.1997,6.094
11.142591,3.8177,0.3669,-0.0533,3.836
11.169952,-1.6533,-5.1585,3.4392,6.416
11.177603,-3.8529,-6.0453,4.3198,8.370
11.197568,-12.0770,-4.9077,4.4693,13.781
11.217885,-11.1372,-0.0820,2.1124,11.336
11.244711,-4.1398,-0.6215,2.0366,4.655
11.269223,-1.2727,-7.3506,-0.3774,7.470
11.279108,-0.1527,-7.4233,-1.1406,7.512
11.298700,2.5607,-7.0928,-2.6323,7.987
11.319119,6.3156,-1.5272,-3.2129,7.249
11.355239,9.1603,5.6429,-2.1530,10.972
11.386348,8.5740,2.1458,1.4330,8.954
11.386966,8.5740,2.1458,1.4330,8.954
11.399653,6.1029,-0.0020,1.3674,6.254
11.420454,1.7666,-4.4109,-2.5597,5.397
11.452651,-6.6368,-2.0988,-4.1208,8.089
11.484014,-9.2690,1.7520,1.0374,9.490
11.484524,-9.2690,1.7520,1.0374,9.490
11.500734,-6.6821,2.2122,1.4841,7.194
11.521383,-3.1314,1.7458,-0.8461,3.684
11.542063,-0.4859,0.6736,-1.8998,2.073
11.564631,2.3245,-2.0700,0.5902,3.168
11.599952,0.7917,-0.1246,1.4885,1.691
11.605445,0.5704,0.0998,1.0616,1.209
11.622087,-0.5282,0.1158,0.6506,0.846
11.643298,-1.6073,-0.0041,1.1716,1.989
11.663837,-2.9385,-0.2143,0.6670,3.021
11.694461,-2.6860,-0.1859,1.4658,3.066
11.705480,-2.2696,-0.5806,1.4935,2.778
11.724695,-1.2108,-1.1366,1.3487,2.139
11.744284,0.3034,-1.1224,1.2452,1.704
11.764335,-0.7358,-2.9990,0.8876,3.213
11.794671,-2.5343,-4.8528,-1.7121,5.736
11.805186,-2.9285,-3.3149,-1.5717,4.694
11.825605,-3.3928,-4.3788,1.1663,5.661
11.846251,-2.6036,-5.6038,2.1941,6.557
11.866031,-2.2303,-3.6588,2.7197,5.075
11.885780,-2.0252,-2.4984,2.9697,4.378
11.906156,-2.2039,-3.4700,1.3379,4.323
11.926263,-2.0467,-4.2734,-0.6268,4.779
11.947253,-1.4334,-3.5662,-0.9290,3.954
11.974004,-0.5019,-2.5612,-1.1060,2.835
11.997871,-0.0485,-2.5738,-0.9559,2.746
12.007386,0.0231,-2.7371,-0.6086,2.804
12.028139,-0.4535,-3.2545,-0.3469,3.304
12.047889,0.7753,-2.0275,-0.0814,2.172
12.074029,2.4679,-0.2910,-0.7185,2.587
12.091334,3.3786,0.6871,-1.3198,3.692
12.109098,3.1174,1.6274,-1.3923,3.782
12.128627,3.1822,2.6125,-1.1204,4.267
12.148913,3.4850,2.7540,-1.3430,4.640
12.177501,3.8721,2.5186,-1.5651,4.877
12.195523,4.1209,2.3224,-1.7522,5.044
12.209612,4.5221,2.3215,-1.7128,5.364
12.230000,4.9106,2.5134,-1.9940,5.866
12.250670,4.9974,2.9756,-2.3157,6.260
12.270985,4.0679,3.2213,-2.3226,5.685
12.296730,2.9032,2.9125,-1.4575,4.363
12.318166,2.9389,2.9264,-0.9528,4.255
12.330914,3.1885,2.9052,-1.5226,4.574
12.351866,3.2134,2.7495,-1.4828,4.482
12.371606,-2.9738,1.1199,2.6035,4.108
12.400931,-2.8907,-10.3805,3.9516,11.477
12.418628,-2.8747,-19.7253,-1.9218,20.026
12.432249,-0.4730,-6.5793,-2.1676,6.943
12.452621,2.1206,0.9032,-0.6720,2.401
12.472941,2.9524,1.6901,-2.1272,4.012
12.500336,1.5269,-1.4727,-2.9640,3.645
12.523006,-0.5948,-4.4896,-3.3556,5.637
12.534575,-0.1321,-5.2840,-2.8808,6.020
12.554020,0.6011,-3.6847,-0.8502,3.829
12.574332,-0.0585,-1.2037,0.9012,1.505
12.599121,-1.0532,0.3181,0.8403,1.384
12.618622,-1.0667,0.5152,0.0846,1.188
12.635146,-0.8200,0.3531,-0.4214,0.987
12.655343,-0.4645,-0.1437,-1.2595,1.350
12.676254,-0.2922,0.0590,-1.5753,1.603
12.696523,0.4676,1.1016,-1.3077,1.773
12.729421,-0.0799,1.9406,-1.2677,2.319
12.738659,-0.8552,1.7975,-0.8460,2.163
12.757606,-2.1728,1.9012,1.3117,3.171
12.777079,-3.1612,1.3000,1.9248,3.923
12.809663,-0.9677,1.7822,0.9436,2.237
12.835144,0.8799,0.9533,2.0638,2.438
12.848781,0.8061,0.6080,1.3061,1.651
12.859998,0.3415,0.3708,0.5587,0.752
12.878927,-1.5018,-0.0757,0.3723,1.549
12.908989,-4.9934,-0.7496,1.0835,5.164
12.941518,-3.8969,0.2254,0.9659,4.021
12.941949,-3.8969,0.2254,0.9659,4.021
12.959655,-2.2673,-0.3644,0.6421,2.384
12.980046,0.0476,-2.4379,0.1017,2.440
13.006466,0.3920,-7.1592,-0.6819,7.202
13.038543,-0.0379,-7.3583,1.7544,7.565
13.048975,-0.6229,-5.6093,2.5292,6.185
13.060968,-1.0146,-3.8357,2.8082,4.861
13.080794,-0.8277,-2.3178,2.9762,3.862
13.101707,-0.7862,-2.4226,2.8759,3.842
13.129214,-1.6189,-3.2118,0.9821,3.728
13.161380,-2.7987,-2.0516,-0.9541,3.599
13.161894,-2.8460,-1.9774,-1.1236,3.643
13.182004,-3.9867,-1.4241,-1.0154,4.353
13.203016,-2.5238,-1.6945,-0.9279,3.178
13.227228,2.4750,-2.4277,-1.5658,3.804
13.262673,6.1822,-2.7998,-0.6714,6.820
13.263388,6.0040,-2.5379,-0.7625,6.563
13.284154,4.1715,-0.4119,-2.0845,4.681
13.303928,3.2182,0.7446,-1.3465,3.567
13.328761,3.3005,1.9223,-0.6494,3.874
13.360022,3.6125,2.7943,-1.3363,4.759
13.370064,3.6712,2.9848,-1.2677,4.898
13.385176,3.7766,3.2223,-1.2472,5.119
13.406079,4.1364,3.3777,-1.3180,5.501
13.428856,4.8615,3.0906,-1.7986,6.035
13.461519,5.1890,2.5265,-2.6705,6.359
13.471010,4.4968,2.6254,-2.7804,5.903
13.486367,3.2206,2.5490,-2.6182,4.871
13.506645,2.8241,2.4280,-1.5823,4.047
13.532331,3.0267,2.3946,0.6173,3.908
13.561097,-1.8695,-0.4876,-3.7697,4.236
13.569685,-0.0545,-4.3543,-0.5085,4.384
13.588490,-4.6856,-19.1889,4.6166,20.285
13.608218,-2.9328,-10.1539,-0.1888,10.571
13.642391,1.8690,2.6927,-0.6504,3.342
13.675404,3.2364,-0.5562,-1.1811,3.490
13.675919,3.0507,-0.8248,-1.2004,3.381
13.690017,1.8470,-2.3712,-1.2540,3.257
13.709171,1.7893,-5.8195,-1.5802,6.290
13.741307,2.0505,-1.9778,0.3040,2.865
13.773719,-0.5132,-0.0769,0.0830,0.526
13.774160,-0.5132,-0.0769,0.0830,0.526
13.790255,-1.3607,0.0173,-0.2656,1.386
13.810596,-2.0161,0.3981,-0.6272,2.149
13.830872,-1.7796,0.8590,-1.0953,2.259
13.857851,-0.6985,0.7099,-1.1785,1.543
13.887693,0.9583,1.1834,-0.1868,1.534
13.894968,1.2072,1.4524,0.0321,1.889
13.911508,0.5182,1.9233,0.7921,2.144
13.931939,-1.5368,1.7974,2.8120,3.674
13.957605,-1.9805,1.0792,1.8959,2.946
13.984497,-0.4733,0.8088,0.4079,1.022
13.995846,0.4290,0.8777,1.4271,1.729
14.013726,0.9475,1.0325,1.7330,2.229
14.033654,-0.4317,0.7464,0.8937,1.242
14.053934,-2.8924,-0.2025,1.3575,3.202
14.074577,-4.3659,-0.8044,1.3673,4.645
14.094421,-3.5437,0.3015,0.7685,3.639
14.114121,-2.1175,0.3186,0.3844,2.176
14.135162,-0.9513,-1.1690,-1.2763,1.975
14.157234,0.2539,-3.1587,-1.0397,3.335
14.174762,1.6981,-4.2853,-0.1834,4.613
14.195431,0.7878,-7.6700,1.0237,7.778
14.216454,1.0236,-7.2897,1.4730,7.507
14.236321,-0.1077,-3.7458,2.4365,4.470
14.267395,-0.9698,-2.1328,3.3824,4.115
14.299973,-1.9544,-2.4177,1.2378,3.346
14.300370,-1.9544,-2.4177,1.2378,3.346
14.317608,-2.6975,-2.3435,-0.0138,3.573
14.337655,-3.0043,-2.1224,-1.0826,3.834
14.364836,-3.3967,-2.0879,-1.2218,4.170
14.401486,-2.0712,-2.8227,-1.4637,3.795
14.401861,-2.0712,-2.8227,-1.4637,3.795
14.419385,-0.3907,-4.9557,0.5381,5.000
14.439398,6.3359,-5.4891,5.0807,9.802
14.468422,8.7661,-1.9277,-2.6699,9.364
14.501415,5.5489,3.1844,-3.5419,7.313
14.501985,5.5489,3.1844,-3.5419,7.313
14.520427,4.4803,4.4368,-1.0820,6.398
14.539985,4.5801,4.1183,-0.1741,6.162
14.560686,4.0529,3.4428,-0.3148,5.327
14.580170,3.8042,2.6861,-0.2191,4.662
14.608954,4.5883,1.6698,-0.7280,4.937
14.621280,5.0019,1.5539,-0.8965,5.314
14.641786,5.3850,1.6450,-1.5506,5.840
14.661938,5.6375,2.5536,-2.3701,6.627
14.686160,5.3693,3.2453,-2.4546,6.737
14.723454,-6.2125,-0.6646,3.2059,7.022
14.724037,-7.4251,-0.9439,-0.0506,7.485
14.743375,-1.2156,-2.1739,-2.3616,3.432
14.763145,-3.0618,-13.1013,10.5402,17.091
14.786102,0.3973,-9.9812,-2.3963,10.273
14.820430,0.7392,1.4720,-1.6348,2.321
14.827494,0.8392,2.1082,-1.5238,2.733
14.843790,1.4772,2.2900,-0.9305,2.880
14.864118,0.6803,0.4187,-1.0300,1.303
14.886164,-0.3167,-3.8916,-0.8831,4.003
14.919121,1.4543,-4.3932,0.7135,4.682
14.928425,2.5411,-2.2463,1.1308,3.575
14.945544,2.7816,0.0179,0.9698,2.946
14.966579,1.6480,-0.0851,0.1302,1.655
14.986899,0.7357,-0.3833,-0.5533,0.997
15.013696,-0.2393,-0.3118,-1.5320,1.582
15.027847,-0.5498,-0.1101,-1.7377,1.826
15.047556,-0.7305,-0.0257,-1.3434,1.529
15.067006,-0.3016,0.4061,-0.5853,0.774
15.087752,-0.1670,1.2699,0.0041,1.281
15.109860,-1.2583,1.3734,0.8356,2.042
15.128498,-1.9303,1.6120,1.9500,3.182
15.147886,-2.5967,1.5991,1.5443,3.418
15.168390,-1.2193,1.5287,0.9917,2.192
15.199529,0.2947,1.0421,1.2831,1.679
15.230687,-1.0477,0.6361,1.0018,1.583
15.231143,-1.0477,0.6361,1.0018,1.583
15.249238,-2.3790,0.2378,1.4102,2.776
15.270315,-3.9121,-0.2925,1.4494,4.182
15.297303,-3.5917,-0.6105,1.3384,3.881
15.329167,-1.1691,-1.2214,-0.2480,1.709
15.338197,-0.8823,-1.6827,-0.9918,2.143
15.350549,-0.0210,-2.1934,-1.6623,2.752
15.370652,-0.1070,-3.7796,-0.7485,3.855
15.391500,-0.4442,-6.4308,2.4020,6.879
15.419010,-0.9530,-4.9984,2.5466,5.690
15.447001,-1.0416,-2.1817,3.3204,4.107
15.460199,-1.0660,-1.9350,3.0533,3.769
15.471862,-1.4283,-2.1408,2.0894,3.315
15.492797,-2.3818,-2.5744,0.6348,3.564
15.518993,-3.1389,-1.8748,-0.2398,3.664
15.552715,-3.6530,-1.2203,0.4327,3.876
15.553096,-3.6530,-1.2203,0.4327,3.876
15.573392,-3.0028,-1.6970,0.4932,3.484
15.594135,-1.0873,-2.2860,-0.4855,2.578
15.618485,1.3739,-2.5406,-1.8887,3.451
15.640522,2.9557,-3.0013,-1.3416,4.421
15.654330,3.4827,-2.6551,-0.4661,4.404
15.675332,4.0813,-1.0663,-0.3997,4.237
15.694951,4.3464,0.2749,-1.0786,4.487
15.721518,4.2650,1.3591,-1.4497,4.705
15.750949,3.8648,2.1639,-1.2221,4.595
15.759934,3.9304,2.4392,-1.1807,4.774
15.776781,4.3591,2.9115,-1.1943,5.376
15.796673,4.9589,3.1025,-1.3864,6.012
15.821555,5.2339,3.2616,-1.5447,6.357
15.853901,5.1657,3.1165,-2.1166,6.394
15.859220,4.9138,3.0495,-2.3419,6.239
15.878005,3.8810,3.3950,-2.7780,5.857
15.898117,2.9499,3.9286,-2.6323,5.574
15.917758,0.6253,3.0942,1.3746,3.443
15.947611,-2.3342,-2.3717,-4.4891,5.588
15.962800,0.5036,-12.5625,5.7679,13.833
15.978327,-5.5062,-22.0810,5.9102,23.512
15.998684,-1.2256,-3.1566,0.3323,3.402
16.029557,2.3090,3.0529,0.0387,3.828
16.065763,2.7088,-0.6527,-0.4887,2.829
16.066577,2.7088,-0.6527,-0.4887,2.829
16.079379,1.9535,-3.5319,-1.0055,4.159
16.100192,0.9526,-6.6610,-0.9709,6.798
16.120785,1.8087,-3.1680,0.0477,3.648
16.140218,1.7293,-0.0424,0.4327,1.783
16.163541,0.2424,0.2058,-0.2051,0.378
16.180687,-0.6167,-0.0435,-0.6392,0.889
16.201205,-1.1609,-0.0102,-1.1405,1.627
16.221378,-0.8601,0.0686,-1.8804,2.069
16.243372,-0.7197,0.1582,-1.5877,1.750
16.265764,0.0821,0.7417,-0.2980,0.803
16.282316,0.2951,1.6135,0.4158,1.692
16.302434,-0.8806,2.1750,0.6004,2.422
16.323260,-3.0453,1.9097,0.3790,3.615
16.343282,-3.9034,1.4731,1.3233,4.377
16.368183,-1.6243,0.7305,2.5160,3.083
16.383093,-0.0196,1.0902,2.1573,2.417
16.403851,1.5728,1.1918,1.5725,2.523
16.423797,0.7159,0.6974,0.8493,1.312
16.450709,-2.3272,0.0782,0.9372,2.510
16.476073,-3.7955,0.3690,0.9250,3.924
16.484291,-3.8026,0.4044,1.1400,3.990
16.504831,-2.9683,0.0592,0.8671,3.093
16.525418,-1.5553,-0.9569,0.2432,1.842
16.554580,1.0544,-2.3737,-1.3670,2.935
16.586060,2.8216,-3.4540,-1.0872,4.591
16.586628,2.8499,-3.5057,-0.9648,4.620
16.606616,1.9718,-4.4178,0.6474,4.881
16.626267,-0.7107,-7.3323,1.5133,7.521
16.650697,-1.9004,-4.1342,2.3655,5.128
16.684357,-2.5440,-2.0862,2.8202,4.333
16.692925,-2.3511,-2.1664,2.5345,4.080
16.707176,-2.3071,-2.5619,1.5808,3.793
16.727579,-2.5197,-2.8428,-0.0501,3.799
16.754316,-1.9390,-2.7218,-0.5769,3.391
16.783199,-1.5638,-2.5503,0.1999,2.998
16.792231,-1.2927,-2.7861,0.1188,3.074
16.808421,0.1356,-3.5689,-0.6278,3.626
16.828723,2.4266,-4.4321,-1.8852,5.393
16.863814,5.1710,-2.6530,-1.3676,5.971
16.897487,4.1940,0.3534,-1.8116,4.582
16.897907,4.1940,0.3534,-1.8116,4.582
16.910586,4.1544,0.9261,-1.2064,4.424
16.930012,5.0266,1.7114,-0.1784,5.313
16.950406,5.5235,2.3405,-0.2806,6.005
16.974126,5.3267,3.1176,-0.8381,6.229
16.992191,5.5872,3.5723,-0.9809,6.704
17.010963,6.0013,3.8312,-1.0054,7.191
17.031917,6.1040,3.5434,-1.4642,7.208
17.051665,5.3418,2.6745,-2.6760,6.546
17.071788,4.2060,2.0164,-3.4525,5.803
17.097498,2.2702,2.1970,-3.6052,4.794
17.112565,2.0418,2.2389,-3.9538,4.981
17.132617,-0.7740,2.0740,-3.1093,3.817
17.153308,-7.6098,-0.1059,-1.1028,7.690
17.175781,-3.8693,-12.2535,7.6279,14.943
17.206430,-0.0713,-7.6201,0.7790,7.660
17.213642,2.5826,-2.5790,1.3963,3.908
17.234415,6.3412,3.2410,1.8805,7.366
17.253814,7.6560,3.2558,1.2839,8.418
17.275769,7.0429,-3.0310,-0.7118,7.700
17.306867,1.0234,-9.4345,-2.7040,9.868
17.314382,0.3431,-8.6878,-2.7213,9.110
17.334698,-1.8555,-2.6304,-2.0304,3.806
17.354957,-2.9248,-0.4306,-1.8102,3.467
17.385780,-3.8436,0.5681,-0.9171,3.992
17.421155,-1.9389,1.4785,-0.3560,2.464
17.421729,-1.5540,1.4018,-0.3486,2.122
17.436940,-0.0651,1.2126,-0.5397,1.329
17.456323,1.7910,0.1689,-1.0289,2.072
17.486421,2.8295,-0.1171,-0.0681,2.833
17.518099,0.5285,0.9504,1.5774,1.916
17.518505,0.5285,0.9504,1.5774,1.916
17.537633,-2.2470,1.2802,1.8407,3.174
17.557914,-3.4183,1.8092,1.1479,4.034
17.583190,-2.5423,1.9198,-0.5670,3.236
17.620311,2.6214,1.4098,1.7711,3.464
17.620805,2.6214,1.4098,1.7711,3.464
17.639158,2.9037,0.6973,1.1792,3.211
17.659088,1.2263,-0.2003,0.5713,1.368
17.679224,-0.5523,-0.7504,0.9292,1.316
17.708069,-0.7770,0.1671,0.3005,0.850
17.738423,-0.4299,0.6470,-0.6169,0.992
17.746297,-0.3768,0.4827,-0.8787,1.071
17.759996,-0.7039,-0.4637,-1.3125,1.560
17.780375,-1.0539,-2.2657,-1.9234,3.153
17.805183,0.7245,-3.3814,-1.4864,3.764
17.841386,3.4851,-3.7897,0.1763,5.152
17.841851,3.4851,-3.7897,0.1763,5.152
17.862341,2.2351,-7.5223,0.1858,7.850
17.882015,1.7401,-4.9683,1.0766,5.373
17.905168,0.0263,-2.2359,2.1981,3.136
17.941302,-1.2147,-1.8066,1.4687,2.626
17.945310,-1.2876,-1.7993,1.3070,2.570
17.963119,-1.4162,-1.9296,0.4192,2.430
17.983196,-1.3503,-1.5499,-0.2701,2.073
18.007917,-1.3334,-0.2226,-0.7577,1.550
18.039132,-0.6124,0.0821,-0.1981,0.649
18.046210,-0.1535,-0.3389,0.0149,0.372
18.063811,1.3612,-1.2700,0.1894,1.871
18.083992,3.0643,-1.4800,-0.5255,3.443
18.108430,3.1372,-1.2610,-0.0161,3.381
18.134462,3.9850,0.1334,1.3115,4.197
18.145990,4.8021,0.7000,1.0307,4.961
18.165878,5.9618,1.7675,-0.2250,6.222
18.185451,5.5592,2.4328,-1.6704,6.294
18.215747,3.5493,2.8689,-0.6280,4.607
18.250331,4.2115,1.9388,-0.7763,4.701
18.250898,4.3046,1.8437,-0.8079,4.752
18.266135,4.4768,1.3011,-0.9590,4.760
18.286322,4.2663,0.8700,-0.9962,4.467
18.315879,3.3434,0.3522,-1.0477,3.521
18.351108,2.6230,-0.0197,-0.6354,2.699
18.351512,2.6230,-0.0197,-0.6354,2.699
18.367084,2.8451,0.5715,-0.3768,2.926
18.388379,2.5030,0.6355,0.2680,2.596
18.407419,1.2718,-0.4142,0.7817,1.549
18.431206,-1.6093,-0.6059,-0.3930,1.764
18.459256,-6.2533,-0.9069,-1.9800,6.622
18.468506,-6.8693,-0.7315,-1.8631,7.155
18.488756,-7.6819,0.1692,-0.4991,7.700
18.508641,-8.7564,-3.0059,1.5906,9.394
18.530732,-7.5812,-7.7078,3.5101,11.367
18.549723,0.1289,-1.2089,3.5768,3.778
18.570075,5.4478,1.0424,2.2608,5.990
18.589998,7.5086,1.1988,-0.6647,7.633
18.610590,8.3229,1.5690,-2.4995,8.831
18.637712,5.3990,0.2382,-1.8527,5.713
18.658626,1.0620,-1.1062,-0.3438,1.572
18.670575,-0.6205,-0.9210,0.2830,1.146
18.691060,-2.7740,-1.1557,0.6642,3.078
18.711314,-4.0655,-0.3195,0.4059,4.098
18.738188,-4.1721,-0.3384,-0.4784,4.213
18.764469,-3.0849,-0.2149,-1.4101,3.399
18.771823,-2.5298,0.0841,-1.6603,3.027
18.792804,-0.8453,0.3914,-2.0827,2.281
18.812532,0.5528,-0.0903,-2.1302,2.203
18.841819,0.6432,-0.1674,-1.5495,1.686
18.872851,0.5952,-0.5253,0.2802,0.842
18.873369,0.5952,-0.5253,0.2802,0.842
18.893359,0.0376,-0.2913,1.9147,1.937
18.913642,-0.4127,0.0207,0.9668,1.051
18.937390,-0.5992,-0.3261,-1.3278,1.493
18.958209,-0.3166,-0.1330,-1.7648,1.798
18.975222,-0.2181,-0.2095,-1.1918,1.230
18.994584,-0.0076,-1.0626,0.0402,1.063
19.015047,-0.0142,-1.0172,1.4298,1.755
19.051203,-0.4586,-0.3264,1.5798,1.677
19.073959,-0.7523,-0.4507,-0.0007,0.877
19.080124,-0.7322,-0.4388,-0.2338,0.885
19.096258,-0.9840,-0.3830,-1.2058,1.603
19.116954,-2.0164,-0.1104,-1.9680,2.820
19.150664,-2.7629,-0.3365,-2.0794,3.474
19.178050,-1.8562,0.0319,-1.3317,2.285
19.178482,-1.8562,0.0319,-1.3317,2.285
19.197160,-0.6850,0.5373,-1.0191,1.340
19.217671,0.1296,-0.5652,-0.6795,0.893
19.237888,0.9255,-1.6009,-0.5648,1.933
19.258801,2.7768,-1.2510,0.2581,3.056
19.285526,3.0290,-0.1771,2.4202,3.881
19.298934,2.0323,-0.7841,2.0886,3.018
19.318497,0.3670,-1.0606,-0.6773,1.311
19.339315,-0.3725,-0.4716,-1.8909,1.984
19.358815,-0.1619,-0.2134,-0.7707,0.816
19.391357,1.2722,-1.1011,-0.4873,1.752
19.400108,1.3791,-0.7303,-0.3418,1.597
19.420330,1.1072,-1.0147,-0.0207,1.502
19.439951,0.0576,0.1400,-0.5576,0.578
19.463655,-0.9894,-0.0066,-1.2129,1.565
19.496493,-1.4760,-0.3029,-0.3180,1.540
19.500503,-1.5205,-0.1930,-0.2099,1.547
19.521734,-0.6843,0.1855,-0.3680,0.799
19.541487,0.1564,0.5105,-1.1549,1.272
19.563230,0.6378,0.5605,-0.9821,1.298
19.597312,-0.4480,-1.0352,-1.3370,1.749
19.601895,-0.6484,-1.1061,-1.2033,1.758
19.622300,-0.7160,-0.7315,-0.3166,1.071
19.642610,-0.8055,-0.4184,-0.1905,0.927
19.669854,-0.9468,0.1226,-0.3821,1.028
19.706039,-0.6610,-0.3165,-0.3380,0.807
19.706449,-0.6610,-0.3165,-0.3380,0.807
19.724337,-0.9953,-0.7482,-0.0626,1.247
19.743873,-1.1841,-0.6281,0.2404,1.362
19.769572,-1.2968,0.6318,0.0619,1.444
19.802216,-0.7729,0.9941,-0.1469,1.268
19.811145,-0.6128,0.5352,-0.1245,0.823
19.824629,-0.1948,-0.1176,-0.1335,0.264
19.845764,0.1562,-0.6885,-0.4606,0.843
19.870237,-0.9698,0.4706,-0.6708,1.270
19.907514,-1.6958,-0.0639,0.3692,1.737
19.907941,-1.6958,-0.0639,0.3692,1.737
19.926030,-2.5135,-1.6202,0.6406,3.058
19.947251,-3.0586,-3.1036,0.6302,4.403
19.967075,-3.1141,-0.1124,1.2290,3.350
19.991832,-1.3721,0.9113,1.4346,2.184
20.026925,1.0440,0.3437,-1.0911,1.549
20.027335,1.0440,0.3437,-1.0911,1.549
20.047655,1.1061,0.6116,-2.1601,2.503
20.068007,0.0114,0.3938,-1.9974,2.036
20.095479,-1.4286,-0.9299,-0.8322,1.897
20.116347,-1.3116,-0.5544,0.4732,1.501
20.129434,-0.2334,-0.2930,0.6497,0.750
20.149045,1.4654,-0.3424,0.2274,1.522
20.169893,2.4614,-1.0425,-0.0065,2.673
20.191567,2.8656,-0.5911,0.2736,2.939
20.221985,2.3760,-0.5660,0.2203,2.452
20.232636,2.1130,-0.9763,0.0697,2.329
20.250336,1.8473,-1.6436,-0.0360,2.473
20.270939,1.6799,-1.2098,0.2818,2.089
20.290710,0.5085,-0.7100,0.5690,1.042
20.327258,-0.5633,-0.0994,0.7109,0.913
20.332141,-0.3850,0.0058,0.6739,0.776
20.352088,-0.0008,0.4321,0.2558,0.502
20.372186,-1.2077,-0.0269,-0.1055,1.213
20.392415,-2.3989,-0.2680,0.2034,2.422
20.421091,-1.3323,-0.3020,0.4554,1.440
20.432712,-0.7433,-0.2695,-0.0952,0.796
20.453493,0.8791,0.0833,-1.0973,1.409
20.473323,0.7701,-0.1306,-0.4552,0.904
20.502655,-0.4386,-0.6678,0.8035,1.133
20.538475,0.4616,-0.1502,0.1489,0.508
20.538945,0.4616,-0.1502,0.1489,0.508
20.554132,-0.0945,-0.3293,-0.3137,0.464
20.574391,-0.9765,-0.6793,-0.9008,1.492
20.605045,-0.3000,0.3441,-0.0199,0.457
20.639397,-0.2141,-0.3257,-0.1483,0.417
20.640001,-0.3078,-0.2787,-0.3312,0.531
20.655868,0.7016,0.7241,-0.6489,1.199
20.675392,0.2829,-1.7785,-1.6841,2.466
20.695787,0.1393,-0.4128,-0.0010,0.436
20.717200,1.2147,-0.2083,1.2074,1.725
20.752939,-0.6122,-0.6415,-1.0470,1.372
20.765433,-1.4895,-1.0385,0.1985,1.827
20.776983,-2.1213,-0.7540,-1.5557,2.737
20.797314,-0.3486,0.2779,-0.4775,0.653
20.823115,-0.1545,1.0142,0.2447,1.055
20.859119,-0.6959,0.5889,-0.8412,1.240
20.859527,-0.6959,0.5889,-0.8412,1.240
20.878254,-0.3105,0.2546,-0.5360,0.670
20.898387,-1.9606,-3.2633,-0.8598,3.903
20.927288,0.9166,1.5781,0.6687,1.944
20.961561,0.3652,-0.3479,-0.7023,0.865
20.962180,0.3652,-0.3479,-0.7023,0.865
20.980243,-0.8421,-1.8091,-0.4374,2.043
20.999636,0.6539,-1.8679,0.3407,2.008
21.024970,1.0356,-2.2666,0.4286,2.529
21.059409,0.0048,-1.1884,-0.8382,1.454
21.064580,-0.1693,-1.2823,-1.1542,1.734
21.080868,-2.1378,-1.1746,-0.3615,2.466
21.101023,-0.9458,-2.4631,0.7114,2.733
21.123601,-0.4751,0.6576,-0.8616,1.183
21.158567,-3.7785,-1.0863,0.3466,3.947
21.165366,-2.8118,-1.5668,0.5150,3.260
21.181618,0.7825,-1.6586,0.1099,1.837
21.202529,2.2930,-1.9469,0.8090,3.115
21.227006,1.6833,-0.7412,-0.1723,1.847
21.260117,-0.5309,-1.0499,-1.5294,1.930
21.264264,-0.5139,-0.9831,-1.6957,2.026
21.283649,0.5065,-1.4429,-1.6145,2.224
21.303270,-0.0845,-0.3250,0.0381,0.338
21.337009,1.3483,0.9075,-0.3316,1.659
21.373999,-2.4372,0.0786,2.4504,3.457
21.374411,-2.4372,0.0786,2.4504,3.457
21.387394,-0.6414,1.0922,2.2084,2.546
21.404956,1.9041,-0.1714,-0.6798,2.029
21.424734,-0.6581,0.6261,-1.2578,1.552
21.453575,1.5497,0.0072,0.1290,1.555
21.486548,-1.0688,0.3029,1.4434,1.821
21.487156,-1.2609,0.2847,1.6517,2.097
21.506287,-1.9670,-0.1058,2.4391,3.135
21.525903,-0.7694,-0.3609,1.5084,1.731
21.549222,1.7540,-0.1057,2.2358,2.844
21.577485,-0.0331,-0.5113,-0.3254,0.607
21.590568,-1.2249,-0.6853,-1.4200,1.997
21.607186,-1.5409,-0.6268,-1.6620,2.351
21.627383,-0.3455,0.6543,1.0860,1.314
21.649375,0.3407,1.2228,1.0675,1.659
21.681131,-2.5905,0.9933,1.1013,2.985
21.690962,-3.2385,1.6801,1.2759,3.865
21.708928,-3.4201,1.8985,1.3798,4.148
21.728836,-3.3075,2.1674,0.9532,4.068
21.749497,-2.8178,1.9699,0.2106,3.445
21.785711,-3.3617,1.6489,0.3695,3.763
21.790454,-3.3984,1.6228,0.5917,3.812
21.810204,-2.4020,1.8289,1.1170,3.219
21.830458,-2.1820,1.6128,0.6746,2.796
21.853129,-4.3504,0.1879,-0.3635,4.370
21.884211,-1.1975,-0.0907,-0.0667,1.203
21.891080,-0.2580,0.1569,0.1701,0.347
21.911555,1.1266,1.1245,0.5561,1.686
21.931489,-1.2022,-0.0372,-0.3172,1.244
21.962386,-1.4909,-0.8491,-2.0922,2.706
21.996876,5.5763,-1.5717,7.1970,9.239
21.997489,5.5763,-1.5717,7.1970,9.239
22.013383,2.6442,-1.6228,3.5865,4.742
22.032955,-0.3970,-0.7245,1.6907,1.882
22.059767,-2.2600,-1.9333,-1.8398,3.497
22.079062,0.2634,-2.2457,-2.2804,3.211
22.093377,2.2012,-1.5780,-3.1029,4.119
22.113929,-0.3177,0.0517,-3.8318,3.845
22.134333,-1.6175,-0.2313,-3.7435,4.085
22.159496,1.3796,-3.4409,-1.4266,3.972
22.183626,1.5532,-2.2588,0.9072,2.887
22.194479,1.3653,-2.4529,4.0668,4.942
22.215209,-0.5832,-1.2696,-1.2015,1.843
22.234994,3.6791,-2.2722,1.1318,4.470
22.255862,2.8562,0.3390,2.1036,3.563
22.282007,-0.9155,-0.7824,-0.6483,1.368
22.318129,1.2027,-1.2532,-0.5454,1.821
22.318645,1.3193,-1.2262,-0.4477,1.856
22.337672,0.1059,-0.6744,-0.0469,0.684
22.357218,0.0146,-2.3131,0.6566,2.405
22.385375,0.6811,-2.0632,1.0248,2.402
22.406350,0.6782,-1.7009,0.5473,1.911
22.418427,0.3914,-1.4251,0.1064,1.482
22.438179,0.8373,-1.3082,-1.1094,1.909
22.458532,1.4085,-1.2662,-1.6227,2.494
22.481858,0.7316,-0.7930,-1.6926,2.007
22.517636,0.7515,0.0900,-1.8799,2.027
22.522201,0.5335,0.0775,-1.8428,1.920
22.539730,0.3781,-0.2681,-1.9212,1.976
22.560116,1.3494,-0.6760,-2.1560,2.632
22.581273,1.2998,-0.2246,-1.6655,2.125
22.622805,0.0165,0.6800,-1.5589,1.701
22.623301,0.0165,0.6800,-1.5589,1.701
22.640685,0.1062,0.9927,-1.3580,1.685
22.661075,-0.0053,1.2724,-1.1388,1.708
22.684136,0.2682,1.0920,-0.9217,1.454
22.719152,-0.1972,0.6653,-0.1861,0.718
22.721772,-0.2048,0.6291,-0.1434,0.677
22.742711,-0.1078,0.5483,-0.2914,0.630
22.762157,0.2312,0.2560,-0.1646,0.382
22.795410,-0.1946,0.1403,0.5159,0.569
22.825515,-0.3569,0.2352,0.5180,0.672
22.825978,-0.3569,0.2352,0.5180,0.672
22.843318,-0.0875,0.1608,0.4649,0.500
22.864294,-0.0798,0.2498,0.2089,0.335
22.893330,-0.0404,0.0560,-0.4343,0.440
22.933952,-1.4338,0.7675,-3.4839,3.845
22.934791,-0.7651,0.7640,-0.8803,1.394
22.944711,-0.8068,0.6746,-0.8661,1.362
22.964922,-0.2763,-0.3623,0.4016,0.607
22.996093,-0.4144,-0.1341,0.5867,0.731
23.020413,-0.2206,0.3562,-0.3307,0.534
